{
  "feature_names": [
    "Time",
    "V1",
    "V2",
    "V3",
    "V4",
    "V5",
    "V6",
    "V7",
    "V8",
    "V9",
    "V10",
    "V11",
    "V12",
    "V13",
    "V14",
    "V15",
    "V16",
    "V17",
    "V18",
    "V19",
    "V20",
    "V21",
    "V22",
    "V23",
    "V24",
    "V25",
    "V26",
    "V27",
    "V28",
    "Amount"
  ],
  "n_features": 30,
  "metrics": {
    "precision": 0.961038961038961,
    "recall": 0.7551020408163265,
    "f1": 0.8457142857142858,
    "roc_auc": 0.9571962964983404,
    "cm": [
      [
        56861,
        3
      ],
      [
        24,
        74
      ]
    ]
  },
  "dataset": "creditcard.csv"
}